<?xml version="1.0" encoding="UTF-8"?>
<beans xmlns="http://www.springframework.org/schema/beans"
	xmlns:xsi="http://www.w3.org/2001/XMLSchema-instance"
	xmlns:context="http://www.springframework.org/schema/context"
	xmlns:p="http://www.springframework.org/schema/p"
	xsi:schemaLocation="http://www.springframework.org/schema/beans
 https://www.springframework.org/schema/beans/spring-beans.xsd 
http://www.springframework.org/schema/context
http://www.springframework.org/schema/context/spring-context.xsd">



	<bean class="com.spring.core.constructorInjection.Person"
		name="person1">
		<constructor-arg value="Nishanth" />
		<constructor-arg value="101" />
		<constructor-arg ref="cperson5" />
	</bean>

	<bean class="com.spring.core.constructorInjection.Person"
		name="person2">
		<constructor-arg value="Hasan" />
		<constructor-arg value="102" />
		<constructor-arg ref="cperson5" />
	</bean>

	<bean class="com.spring.core.constructorInjection.Person"
		name="person3">
		<constructor-arg value="Bhargav" />
		<constructor-arg value="103" />
		<constructor-arg ref="cperson5" />
	</bean>

	<bean class="com.spring.core.constructorInjection.Person"
		name="person4">
		<constructor-arg value="Salman" />
		<constructor-arg value="104" />
		<constructor-arg ref="cperson5" />
	</bean>

	<bean class="com.spring.core.constructorInjection.Certi"
		name="cperson5">
		<constructor-arg value="Constructor Injection" />
	</bean>


	<bean class="com.spring.core.constructorInjection.Addition"
		name="add1">
		<constructor-arg value="1000" type="int"></constructor-arg>
		<constructor-arg type="int">
			<value>20</value>
		</constructor-arg>
	</bean>
	
</beans>