<?xml version="1.0" encoding="UTF-8"?>
<beans xmlns="http://www.springframework.org/schema/beans"
	xmlns:xsi="http://www.w3.org/2001/XMLSchema-instance"
	xmlns:context="http://www.springframework.org/schema/context"
	xmlns:p="http://www.springframework.org/schema/p"
	xsi:schemaLocation="http://www.springframework.org/schema/beans
 https://www.springframework.org/schema/beans/spring-beans.xsd 
http://www.springframework.org/schema/context
http://www.springframework.org/schema/context/spring-context.xsd">

	<bean name="employee1" class="com.spring.core.collection.Employee">
		<property name="name" value="Hasan Saheb" />

		<property name="phones">
			<list>
				<value>8978701970</value>
				<value>8978701971</value>
				<value>8978701972</value>
			</list>
		</property>

		<property name="address">
			<set>
				<value>Macherla</value>
				<value>Hyderabad</value>
				<value>Chennai</value>
			</set>
		</property>

		<property name="courses">
			<map>
				<entry key="B.Tech" value="NGI" />
				<entry key="INtermidiate" value="SKBR" />
				<entry key="ssc" value="ZP" />
			</map>
		</property>
		
		<property name ="props">
		<props>
		<prop key = "Role">Developer</prop>
		<prop key = "Role">Java</prop>
		</props>
		</property>
		
	</bean>


	<bean name="employee2" class="com.spring.core.collection.Employee">
		<property name="name" value="Nishanth" />

		<property name="phones">
			<list>
				<value>123</value>
				<value>321</value>
				<value>0101</value>
				
			</list>
		</property>

		<property name="address">
			<set>
				<value>hyd</value>
				<value>bng</value>
				<value>chn</value>
			</set>
		</property>

		<property name="courses">
			<map>
				<entry key="B.Tech" value="NGI" />
				<entry key="INtermidiate" value="SKBR" />
				<entry key="ssc" value="ZP" />
			</map>
		</property>
	</bean>




</beans>