<?xml version="1.0" encoding="UTF-8"?>
<beans xmlns="http://www.springframework.org/schema/beans"
	xmlns:xsi="http://www.w3.org/2001/XMLSchema-instance"
	xmlns:context="http://www.springframework.org/schema/context"
	xmlns:p="http://www.springframework.org/schema/p"
	xsi:schemaLocation="http://www.springframework.org/schema/beans
 https://www.springframework.org/schema/beans/spring-beans.xsd 
http://www.springframework.org/schema/context
http://www.springframework.org/schema/context/spring-context.xsd">



	<bean class="com.spring.core.ReferenceInjectionTest.StudentSubjects"
		name="studentSubjects">
		<property name="subject1" value="-->English" />
		<property name="subject2" value="-->Maths" />
		<property name="subject3" value="-->Telugu" />
		<property name="subject4" value="-->Drawing" />
	</bean>

	<bean class="com.spring.core.ReferenceInjectionTest.StudentDetails"
		name="studentDetails">
		<property name="studentName" value="Hasan" />
		<property name="studentClass" value="B.Tech" />
		<property name="studentAge" value="00" />
		<property name="studentCity" value="HYderabad" />
		<property name="studentSub">
			<ref bean="studentSubjects" />
		</property>
	</bean>

</beans>