<?xml version="1.0" encoding="UTF-8"?>
<beans xmlns="http://www.springframework.org/schema/beans"
	xmlns:xsi="http://www.w3.org/2001/XMLSchema-instance"
	xmlns:context="http://www.springframework.org/schema/context"
	xmlns:p="http://www.springframework.org/schema/p"
	xsi:schemaLocation="http://www.springframework.org/schema/beans
 https://www.springframework.org/schema/beans/spring-beans.xsd 
http://www.springframework.org/schema/context
http://www.springframework.org/schema/context/spring-context.xsd">



	<bean class="com.spring.core.ReferenceInjection.Object2"
		name="object2">
		<property name="no" value="10000" />
	</bean>

	<bean class="com.spring.core.ReferenceInjection.Object1"
		name="object1">
		<property name="x" value="10001" />
		<property name="ob">
			<ref bean="object2" />
		</property>
	</bean>

</beans>